YOMOU.patient	YOMOU.patientSum	YOMOU.situation	YOMOU.situationSum	YOMOU.combined	YOMOU.combinedSum
2014-01-05	0	0	0	0	0	0
2014-01-12	0	0	0	0	0	0
2014-01-19	0	0	0	0	0	0
2014-01-26	0	0	0	0	0	0
2014-02-02	0	0	0	0	0	0
2014-02-09	0	0	0	0	0	0
2014-02-16	0	0	0	0	0	0
2014-02-23	0	0	0	0	0	0
2014-03-02	0	0	0	0	0	0
2014-03-09	0	0	0	0	0	0
2014-03-16	0	0	0	0	0	0
2014-03-23	0	0	0	0	0	0
2014-03-30	0	0	0	0	0	0
2014-04-06	0	0	0	0	0	0
2014-04-13	0	0	0	0	0	0
2014-04-20	0	0	0	0	0	0
2014-04-27	0	0	0	0	0	0
2014-05-04	0	0	0	0	0	0
2014-05-11	0	0	0	0	0	0
2014-05-18	0	0	0	0	0	0
2014-05-25	0	0	0	0	0	0
2014-06-01	0	0	0	0	0	0
2014-06-08	0	0	0	0	0	0
2014-06-15	0	0	0	0	0	0
2014-06-22	0	0	0	0	0	0
2014-06-29	0	0	0	0	0	0
2014-07-06	0	0	0	0	0	0
2014-07-13	0	0	0	0	0	0
2014-07-20	0	0	0	0	0	0
2014-07-27	0	0	0	0	0	0
2014-08-03	0	0	0	0	0	0
2014-08-10	2	2	0	0	2	2
2014-08-17	3	5	0	0	3	5
2014-08-24	3	8	0	0	3	8
2014-08-31	3	11	0	0	3	11
2014-09-07	1	12	0	0	1	12
2014-09-14	0	12	0	0	0	12
2014-09-21	0	12	0	0	0	12
2014-09-28	0	12	0	0	0	12
2014-10-05	0	12	0	0	0	12
2014-10-12	0	12	0	0	0	12
2014-10-19	0	12	0	0	0	12
2014-10-26	0	12	0	0	0	12
2014-11-02	0	12	0	0	0	12
2014-11-09	0	12	0	0	0	12
2014-11-16	0	12	0	0	0	12
2014-11-23	0	12	0	0	0	12
2014-11-30	0	12	0	0	0	12
2014-12-07	0	12	0	0	0	12
2014-12-14	0	12	0	0	0	12
2014-12-21	0	12	0	0	0	12
2014-12-28	0	12	0	0	0	12
2015-01-04	0	12	0	0	0	12
2015-01-11	0	12	0	0	0	12
2015-01-18	0	12	0	0	0	12
2015-01-25	0	12	0	0	0	12
2015-02-01	0	12	0	0	0	12
2015-02-08	0	12	0	0	0	12
2015-02-15	0	12	0	0	0	12
2015-02-22	0	12	0	0	0	12
2015-03-01	0	12	0	0	0	12
2015-03-08	0	12	0	0	0	12
2015-03-15	0	12	0	0	0	12
2015-03-22	0	12	0	0	0	12
2015-03-29	0	12	0	0	0	12
2015-04-05	0	12	0	0	0	12
2015-04-12	0	12	0	0	0	12
2015-04-19	0	12	0	0	0	12
2015-04-26	0	12	0	0	0	12
2015-05-03	0	12	0	0	0	12
2015-05-10	0	12	0	0	0	12
2015-05-17	0	12	0	0	0	12
2015-05-24	0	12	0	0	0	12
2015-05-31	0	12	0	0	0	12
2015-06-07	0	12	0	0	0	12
2015-06-14	0	12	0	0	0	12
2015-06-21	0	12	0	0	0	12
2015-06-28	0	12	0	0	0	12
2015-07-05	0	12	0	0	0	12
2015-07-12	0	12	0	0	0	12
2015-07-19	0	12	0	0	0	12
2015-07-26	0	12	0	0	0	12
2015-08-02	0	12	0	0	0	12
2015-08-09	0	12	0	0	0	12
2015-08-16	0	12	0	0	0	12
2015-08-23	0	12	0	0	0	12
2015-08-30	0	12	0	0	0	12
2015-09-06	0	12	0	0	0	12
2015-09-13	0	12	0	0	0	12
2015-09-20	0	12	0	0	0	12
2015-09-27	0	12	0	0	0	12
2015-10-04	0	12	0	0	0	12
2015-10-11	0	12	0	0	0	12
2015-10-18	0	12	0	0	0	12
2015-10-25	0	12	0	0	0	12
2015-11-01	0	12	0	0	0	12
2015-11-08	0	12	0	0	0	12
2015-11-15	0	12	0	0	0	12
2015-11-22	0	12	0	0	0	12
2015-11-29	0	12	0	0	0	12
2015-12-06	0	12	0	0	0	12
2015-12-13	0	12	0	0	0	12
2015-12-20	0	12	0	0	0	12
2015-12-27	0	12	0	0	0	12
2016-01-03	0	12	0	0	0	12
2016-01-10	0	12	0	0	0	12
2016-01-17	0	12	0	0	0	12
2016-01-24	0	12	0	0	0	12
2016-01-31	0	12	0	0	0	12
2016-02-07	0	12	0	0	0	12
2016-02-14	0	12	0	0	0	12
2016-02-21	0	12	0	0	0	12
2016-02-28	0	12	0	0	0	12
2016-03-06	0	12	0	0	0	12
2016-03-13	0	12	0	0	0	12
2016-03-20	0	12	0	0	0	12
2016-03-27	0	12	0	0	0	12
2016-04-03	0	12	0	0	0	12
2016-04-10	0	12	0	0	0	12
2016-04-17	0	12	0	0	0	12
2016-04-24	0	12	0	0	0	12
2016-05-01	0	12	0	0	0	12
2016-05-08	0	12	0	0	0	12
