DUBREKA.patient	DUBREKA.patientSum	DUBREKA.situation	DUBREKA.situationSum	DUBREKA.combined	DUBREKA.combinedSum
2014-01-05	0	0	0	0	0	0
2014-01-12	0	0	0	0	0	0
2014-01-19	0	0	0	0	0	0
2014-01-26	0	0	0	0	0	0
2014-02-02	0	0	0	0	0	0
2014-02-09	0	0	0	0	0	0
2014-02-16	0	0	0	0	0	0
2014-02-23	0	0	0	0	0	0
2014-03-02	0	0	0	0	0	0
2014-03-09	0	0	0	0	0	0
2014-03-16	0	0	0	0	0	0
2014-03-23	0	0	0	0	0	0
2014-03-30	0	0	0	0	0	0
2014-04-06	0	0	0	0	0	0
2014-04-13	0	0	0	0	0	0
2014-04-20	0	0	0	0	0	0
2014-04-27	0	0	0	0	0	0
2014-05-04	0	0	0	0	0	0
2014-05-11	0	0	0	0	0	0
2014-05-18	0	0	0	0	0	0
2014-05-25	0	0	0	0	0	0
2014-06-01	0	0	0	0	0	0
2014-06-08	0	0	0	0	0	0
2014-06-15	0	0	0	0	0	0
2014-06-22	0	0	0	0	0	0
2014-06-29	0	0	0	0	0	0
2014-07-06	0	0	0	0	0	0
2014-07-13	0	0	0	0	0	0
2014-07-20	0	0	0	0	0	0
2014-07-27	0	0	0	0	0	0
2014-08-03	0	0	0	0	0	0
2014-08-10	0	0	0	0	0	0
2014-08-17	1	1	0	0	1	1
2014-08-24	8	9	0	0	8	9
2014-08-31	15	24	0	0	15	24
2014-09-07	1	25	0	0	1	25
2014-09-14	0	25	0	0	0	25
2014-09-21	0	25	0	0	0	25
2014-09-28	0	25	0	0	0	25
2014-10-05	0	25	0	0	0	25
2014-10-12	0	25	0	0	0	25
2014-10-19	0	25	0	0	0	25
2014-10-26	0	25	0	0	0	25
2014-11-02	1	26	1	1	1	26
2014-11-09	0	26	0	1	0	26
2014-11-16	0	26	0	1	0	26
2014-11-23	6	32	6	7	6	32
2014-11-30	3	35	3	10	3	35
2014-12-07	5	40	6	16	6	41
2014-12-14	3	43	3	19	3	44
2014-12-21	2	45	3	22	3	47
2014-12-28	19	64	17	39	19	66
2015-01-04	14	78	16	55	16	82
2015-01-11	5	83	6	61	6	88
2015-01-18	5	88	5	66	5	93
2015-01-25	0	88	0	66	0	93
2015-02-01	0	88	0	66	0	93
2015-02-08	6	94	6	72	6	99
2015-02-15	11	105	7	79	11	110
2015-02-22	1	106	1	80	1	111
2015-03-01	3	109	2	82	3	114
2015-03-08	5	114	5	87	5	119
2015-03-15	2	116	2	89	2	121
2015-03-22	0	116	0	89	0	121
2015-03-29	3	119	3	92	3	124
2015-04-05	1	120	1	93	1	125
2015-04-12	0	120	0	93	0	125
2015-04-19	0	120	0	93	0	125
2015-04-26	1	121	1	94	1	126
2015-05-03	0	121	0	94	0	126
2015-05-10	1	122	1	95	1	127
2015-05-17	12	134	11	106	12	139
2015-05-24	3	137	3	109	3	142
2015-05-31	4	141	4	113	4	146
2015-06-07	2	143	2	115	2	148
2015-06-14	4	147	4	119	4	152
2015-06-21	1	148	1	120	1	153
2015-06-28	0	148	0	120	0	153
2015-07-05	0	148	0	120	0	153
2015-07-12	0	148	0	120	0	153
2015-07-19	0	148	0	120	0	153
2015-07-26	0	148	0	120	0	153
2015-08-02	0	148	0	120	0	153
2015-08-09	0	148	0	120	0	153
2015-08-16	0	148	0	120	0	153
2015-08-23	0	148	0	120	0	153
2015-08-30	1	149	1	121	1	154
2015-09-06	0	149	0	121	0	154
2015-09-13	0	149	0	121	0	154
2015-09-20	0	149	0	121	0	154
2015-09-27	0	149	0	121	0	154
2015-10-04	0	149	0	121	0	154
2015-10-11	0	149	0	121	0	154
2015-10-18	0	149	0	121	0	154
2015-10-25	0	149	0	121	0	154
2015-11-01	0	149	0	121	0	154
2015-11-08	0	149	0	121	0	154
2015-11-15	0	149	0	121	0	154
2015-11-22	0	149	0	121	0	154
2015-11-29	0	149	0	121	0	154
2015-12-06	0	149	0	121	0	154
2015-12-13	0	149	0	121	0	154
2015-12-20	0	149	0	121	0	154
2015-12-27	0	149	0	121	0	154
2016-01-03	0	149	0	121	0	154
2016-01-10	0	149	0	121	0	154
2016-01-17	0	149	0	121	0	154
2016-01-24	0	149	0	121	0	154
2016-01-31	0	149	0	121	0	154
2016-02-07	0	149	0	121	0	154
2016-02-14	0	149	0	121	0	154
2016-02-21	0	149	0	121	0	154
2016-02-28	0	149	0	121	0	154
2016-03-06	0	149	0	121	0	154
2016-03-13	0	149	0	121	0	154
2016-03-20	0	149	0	121	0	154
2016-03-27	0	149	0	121	0	154
2016-04-03	0	149	0	121	0	154
2016-04-10	0	149	0	121	0	154
2016-04-17	0	149	0	121	0	154
2016-04-24	0	149	0	121	0	154
2016-05-01	0	149	0	121	0	154
2016-05-08	0	149	0	121	0	154
